source,source_type,target,target_type,weight
冠心病,1,高血压,1,5322
高脂血症,1,高血压,1,5262
冠心病,1,高脂血症,1,4984
脑血管病,1,高脂血症,1,3380
糖尿病,1,高血压,1,2679
脑血管病,1,高血压,1,2598
动脉粥样硬化,1,高脂血症,1,2139
糖尿病,1,高脂血症,1,1985
精神和行为障碍,1,脑血管病,1,1982
冠心病,1,糖尿病,1,1969
冠心病,1,脑血管病,1,1739
精神和行为障碍,1,高血压,1,1382
动脉粥样硬化,1,高血压,1,1235
精神和行为障碍,1,高脂血症,1,1154
动脉粥样硬化,1,脑血管病,1,1108
糖尿病,1,骨质疏松症,1,997
糖尿病,1,脑血管病,1,987
冠心病,1,精神和行为障碍,1,945
骨质疏松症,1,高血压,1,886
冠心病,1,动脉粥样硬化,1,849
动脉粥样硬化,1,糖尿病,1,841
冠心病,1,骨质疏松症,1,751
骨质疏松症,1,高脂血症,1,736
关节炎,1,骨质疏松症,1,716
代谢紊乱,1,高血压,1,665
神经官能症,1,脑血管病,1,660
心律失常,1,高血压,1,645
代谢紊乱,1,高脂血症,1,641
冠心病,1,心律失常,1,624
神经官能症,1,精神和行为障碍,1,608
头晕,0,脑血管病,1,560
糖尿病,1,肾小球疾病,1,553
支气管炎,1,高血压,1,525
精神和行为障碍,1,糖尿病,1,520
代谢紊乱,1,冠心病,1,497
冠心病,1,支气管炎,1,492
支气管炎,1,糖尿病,1,470
脑血管病,1,骨质疏松症,1,442
代谢紊乱,1,脑血管病,1,402
便秘,0,高血压,1,387
低血糖症,1,糖尿病,1,386
呼吸道感染,1,糖尿病,1,374
动脉硬化,1,高脂血症,1,374
便秘,0,冠心病,1,373
呼吸道感染,1,高血压,1,365
呼吸道感染,1,支气管炎,1,362
心律失常,1,高脂血症,1,358
冠心病,1,呼吸道感染,1,338
代谢紊乱,1,糖尿病,1,328
周围神经病,1,脑血管病,1,327
便秘,0,糖尿病,1,322
动脉粥样硬化,1,精神和行为障碍,1,318
支气管炎,1,高脂血症,1,316
便秘,0,高脂血症,1,297
胃炎,1,食管炎,1,293
冠心病,1,动脉硬化,1,281
动脉粥样硬化,1,骨质疏松症,1,273
动脉硬化,1,糖尿病,1,270
头晕,0,高血压,1,269
呼吸道感染,1,高脂血症,1,260
动脉硬化,1,高血压,1,259
肾功能不全,1,高血压,1,252
前列腺增生,1,高血压,1,241
帕金森病,1,脑血管病,1,240
精神和行为障碍,1,骨质疏松症,1,240
冠心病,1,前列腺增生,1,239
肾小球疾病,1,高血压,1,234
头晕,0,高脂血症,1,230
神经官能症,1,高血压,1,229
胃炎,1,高血压,1,229
支气管炎,1,脑血管病,1,228
消化不良,0,胃炎,1,223
胸闷,0,高血压,1,222
便秘,0,脑血管病,1,219
神经官能症,1,高脂血症,1,217
冠心病,1,胃炎,1,215
干眼症,1,结膜炎,1,212
支气管炎,1,骨质疏松症,1,210
代谢紊乱,1,动脉粥样硬化,1,208
糖尿病,1,肾功能不全,1,202
头晕,0,精神和行为障碍,1,201
关节炎,1,腰椎退行性病变,1,199
周围神经病,1,高脂血症,1,197
周围神经病,1,高血压,1,196
头痛,0,脑血管病,1,191
糖尿病,1,静脉曲张,0,190
糖尿病,1,胃炎,1,189
便秘,0,精神和行为障碍,1,184
关节痛,0,糖尿病,1,182
代谢紊乱,1,肾功能不全,1,181
癫痫,1,脑血管病,1,176
代谢紊乱,1,精神和行为障碍,1,171
前列腺增生,1,糖尿病,1,169
关节炎,1,高血压,1,168
脑卒中,1,脑血管病,1,168
甲状腺功能减退症,1,糖尿病,1,165
冠心病,1,肾功能不全,1,159
冠心病,1,肾小球疾病,1,156
呼吸道感染,1,脑血管病,1,155
胃炎,1,高脂血症,1,153
肾小球疾病,1,高脂血症,1,152
帕金森病,1,精神和行为障碍,1,152
支气管炎,1,精神和行为障碍,1,148
前列腺增生,1,尿路感染,1,145
前列腺增生,1,高脂血症,1,144
心律失常,1,精神和行为障碍,1,144
关节炎,1,冠心病,1,141
关节痛,0,高血压,1,139
便秘,0,骨质疏松症,1,139
周围神经病,1,糖尿病,1,139
腰椎退行性病变,1,骨质疏松症,1,135
冠心病,1,周围神经病,1,133
呼吸道感染,1,精神和行为障碍,1,132
癌症,1,肺癌,1,132
消化性溃疡,1,胃炎,1,131
周围神经病,1,精神和行为障碍,1,130
前列腺增生,1,脑血管病,1,127
关节痛,0,冠心病,1,126
PCI术后,1,冠心病,1,126
甲状腺功能减退症,1,高脂血症,1,126
呼吸道感染,1,骨质疏松症,1,123
低血糖症,1,高血压,1,123
冠心病,1,甲状腺功能减退症,1,121
甲状腺功能减退症,1,高血压,1,121
肾功能不全,1,高脂血症,1,119
维生素缺乏,1,高血压,1,118
支气管炎,1,肾功能不全,1,118
代谢紊乱,1,骨质疏松症,1,117
心律失常,1,脑血管病,1,117
静脉曲张,0,高血压,1,115
维生素缺乏,1,脑血管病,1,115
冠心病,1,静脉曲张,0,114
便秘,0,胃炎,1,111
关节炎,1,糖尿病,1,111
肾小球疾病,1,骨质疏松症,1,110
干眼症,1,眼底病,1,109
便秘,0,呼吸道感染,1,107
便秘,0,支气管炎,1,106
冠心病,1,头晕,0,105
关节炎,1,支气管炎,1,105
胃炎,1,骨质疏松症,1,104
代谢紊乱,1,支气管炎,1,104
冠心病,1,胸闷,0,103
动脉硬化,1,脑血管病,1,103
维生素缺乏,1,高脂血症,1,103
白内障,1,眼底病,1,102
脑动脉硬化,1,脑血管病,1,102
皮炎,1,糖尿病,1,102
糖尿病,1,结膜炎,1,101
冠心病,1,消化不良,0,100
支气管炎,1,胃炎,1,100
消化不良,0,高血压,1,99
低血糖症,1,高脂血症,1,99
关节痛,0,高脂血症,1,98
动脉粥样硬化,1,支气管炎,1,98
冠心病,1,维生素缺乏,1,96
便秘,0,消化不良,0,94
肾功能不全,1,脑血管病,1,94
眼底病,1,结膜炎,1,93
糖尿病,1,维生素缺乏,1,93
PCI术后,1,高脂血症,1,93
肾功能不全,1,肾小球疾病,1,93
关节痛,0,骨质疏松症,1,92
消化不良,0,食管炎,1,92
支气管炎,1,鼻炎,1,92
前列腺增生,1,支气管炎,1,92
胸闷,0,高脂血症,1,91
胃炎,1,胃肠功能紊乱,1,91
动脉粥样硬化,1,周围神经病,1,90
头痛,0,精神和行为障碍,1,88
头痛,0,高血压,1,87
便秘,0,动脉粥样硬化,1,87
PCI术后,1,高血压,1,87
胃炎,1,脑血管病,1,86
头晕,0,神经官能症,1,85
眩晕,0,脑血管病,1,85
冠心病,1,贫血,1,85
消化性溃疡,1,高血压,1,84
肾功能不全,1,骨质疏松症,1,84
叶酸缺乏,1,脑血管病,1,83
冠心病,1,神经官能症,1,83
皮炎,1,高血压,1,83
静脉曲张,0,高脂血症,1,82
贫血,1,高血压,1,82
呼吸道感染,1,咽炎,1,82
冠心病,1,消化性溃疡,1,82
关节痛,0,支气管炎,1,80
咽炎,1,支气管炎,1,80
代谢紊乱,1,便秘,0,79
低血糖症,1,冠心病,1,79
消化性溃疡,1,骨质疏松症,1,79
消化不良,0,糖尿病,1,78
头痛,0,高脂血症,1,78
关节炎,1,高脂血症,1,78
支气管炎,1,肾小球疾病,1,77
关节炎,1,消化性溃疡,1,77
帕金森病,1,高血压,1,77
脑动脉硬化,1,高脂血症,1,77
动脉粥样硬化,1,神经官能症,1,76
肾小球疾病,1,脑血管病,1,76
白内障,1,结膜炎,1,76
精神和行为障碍,1,胃炎,1,75
甲状腺功能减退症,1,骨质疏松症,1,73
癫痫,1,高脂血症,1,72
关节痛,0,脑血管病,1,70
动脉粥样硬化,1,呼吸道感染,1,70
呼吸道感染,1,咳嗽,0,69
动脉硬化,1,骨质疏松症,1,69
癫痫,1,精神和行为障碍,1,69
动脉粥样硬化,1,头晕,0,68
消化性溃疡,1,高脂血症,1,68
支气管哮喘,1,支气管炎,1,68
叶酸缺乏,1,高脂血症,1,68
前列腺增生,1,精神和行为障碍,1,67
呼吸道感染,1,胃炎,1,67
关节痛,0,精神和行为障碍,1,66
动脉粥样硬化,1,肾功能不全,1,66
白内障,1,糖尿病,1,66
叶酸缺乏,1,高血压,1,66
心律失常,1,胸闷,0,65
冠心病,1,皮炎,1,65
消化不良,0,高脂血症,1,64
脑血管病,1,静脉曲张,0,64
肾功能不全,1,贫血,1,63
尿路感染,1,高血压,1,63
动脉粥样硬化,1,甲状腺功能减退症,1,63
前列腺增生,1,肾功能不全,1,63
胸痛,0,高血压,1,62
消化性溃疡,1,糖尿病,1,62
肠道菌群失调,1,胃炎,1,62
帕金森病,1,神经官能症,1,62
关节炎,1,脑血管病,1,61
干眼症,1,白内障,1,60
慢性阻塞性肺疾病,1,支气管炎,1,60
脑卒中,1,高血压,1,60
精神和行为障碍,1,维生素缺乏,1,60
糖尿病,1,胃肠功能紊乱,1,60
周围神经病,1,骨质疏松症,1,60
发热,0,呼吸道感染,1,59
关节痛,0,呼吸道感染,1,59
糖尿病,1,肝损害,1,59
脑血管病,1,颈椎退行性疾病,1,59
维生素缺乏,1,骨质疏松症,1,59
尿路感染,1,糖尿病,1,58
癫痫,1,高血压,1,58
代谢紊乱,1,前列腺增生,1,58
头痛,0,神经官能症,1,56
脑卒中,1,高脂血症,1,56
心律失常,1,糖尿病,1,56
呼吸道感染,1,鼻炎,1,56
水肿,0,脑血管病,1,55
胃炎,1,腹胀,0,55
动脉粥样硬化,1,肾小球疾病,1,55
前列腺增生,1,骨质疏松症,1,55
咽炎,1,糖尿病,1,53
消化性溃疡,1,脑血管病,1,53
消化不良,0,肠道菌群失调,1,52
关节炎,1,呼吸道感染,1,52
结膜炎,1,高血压,1,51
肝功能异常,1,高血压,1,51
咳嗽,0,支气管炎,1,50
咳嗽,0,高血压,1,50
肠道菌群失调,1,胃肠功能紊乱,1,50
消化性溃疡,1,食管炎,1,50
消化不良,0,腹胀,0,49
消化不良,0,胃肠功能紊乱,1,49
冠心病,1,咳嗽,0,49
肝功能异常,1,高脂血症,1,49
关节炎,1,胃炎,1,49
胃肠功能紊乱,1,食管炎,1,49
头晕,0,糖尿病,1,48
眩晕,0,高血压,1,48
低血糖症,1,动脉粥样硬化,1,48
糖尿病,1,贫血,1,48
代谢紊乱,1,肾小球疾病,1,48
周围神经病,1,神经官能症,1,47
癫痫,1,神经官能症,1,47
心律失常,1,支气管炎,1,47
代谢紊乱,1,周围神经病,1,47
脂肪肝,1,高血压,1,47
胃炎,1,腹痛,0,46
冠心病,1,叶酸缺乏,1,46
皮炎,1,高脂血症,1,46
支气管炎,1,消化性溃疡,1,46
干眼症,1,高血压,1,46
支气管炎,1,消化不良,0,45
干眼症,1,糖尿病,1,45
前列腺增生,1,癌症,1,45
贫血,1,高脂血症,1,45
冠心病,1,头痛,0,44
动脉粥样硬化,1,消化性溃疡,1,44
代谢紊乱,1,呼吸道感染,1,44
支气管炎,1,甲状腺功能减退症,1,44
冠心病,1,结膜炎,1,44
白内障,1,高血压,1,44
便秘,0,帕金森病,1,43
咳嗽,0,咽炎,1,43
咽炎,1,高血压,1,43
咽炎,1,高脂血症,1,43
静脉曲张,0,骨质疏松症,1,42
胃肠功能紊乱,1,高血压,1,42
低血糖症,1,骨质疏松症,1,42
甲状腺功能减退症,1,精神和行为障碍,1,42
动脉粥样硬化,1,心律失常,1,42
肠道菌群失调,1,食管炎,1,42
头晕,0,头痛,0,41
消化不良,0,消化性溃疡,1,41
便秘,0,前列腺增生,1,41
水肿,0,糖尿病,1,41
腰痛,0,骨质疏松症,1,41
冠心病,1,腰痛,0,41
低血糖症,1,脑血管病,1,41
帕金森病,1,高脂血症,1,41
动脉硬化,1,精神和行为障碍,1,40
贫血,1,骨质疏松症,1,40
关节炎,1,周围神经病,1,40
精神和行为障碍,1,肾小球疾病,1,40
便秘,0,关节痛,0,39
腰痛,0,高血压,1,39
便秘,0,肾小球疾病,1,39
便秘,0,心律失常,1,39
代谢紊乱,1,动脉硬化,1,39
冠心病,1,白内障,1,39
代谢紊乱,1,贫血,1,39
代谢紊乱,1,关节炎,1,39
支气管炎,1,贫血,1,39
水肿,0,高血压,1,38
消化不良,0,精神和行为障碍,1,38
结膜炎,1,高脂血症,1,38
周围神经病,1,维生素缺乏,1,38
咽炎,1,鼻炎,1,38
眩晕,0,精神和行为障碍,1,37
支气管炎,1,胸闷,0,37
冠心病,1,咽炎,1,37
关节炎,1,精神和行为障碍,1,37
关节炎,1,颈椎退行性疾病,1,37
冠心病,1,干眼症,1,37
脂肪肝,1,高脂血症,1,37
干眼症,1,高脂血症,1,37
关节痛,0,腰痛,0,36
便秘,0,关节炎,1,36
脑血管病,1,血瘀证,1,36
代谢紊乱,1,消化性溃疡,1,36
冠心病,1,脂肪肝,1,36
叶酸缺乏,1,精神和行为障碍,1,36
呼吸道感染,1,头痛,0,35
前列腺增生,1,呼吸道感染,1,35
脑血管病,1,贫血,1,35
代谢紊乱,1,叶酸缺乏,1,35
便秘,0,肠道菌群失调,1,34
消化不良,0,脑血管病,1,34
关节痛,0,血瘀证,1,34
水肿,0,高脂血症,1,34
消化不良,0,骨质疏松症,1,34
冠心病,1,眩晕,0,34
脑动脉硬化,1,高血压,1,34
动脉硬化,1,支气管炎,1,34
关节痛,0,咳嗽,0,33
便秘,0,肾功能不全,1,33
胸闷,0,脑血管病,1,33
便秘,0,周围神经病,1,33
冠心病,1,胃肠功能紊乱,1,33
甲状腺功能减退症,1,脑血管病,1,33
癌症,1,骨质疏松症,1,33
糖尿病,1,脂肪肝,1,33
心律失常,1,骨质疏松症,1,33
眼底病,1,糖尿病,1,33
颈椎退行性疾病,1,骨质疏松症,1,33
白内障,1,脑血管病,1,33
神经官能症,1,骨质疏松症,1,33
叶酸缺乏,1,周围神经病,1,32
食管炎,1,高血压,1,32
尿路感染,1,癌症,1,32
低血糖症,1,肾小球疾病,1,32
精神和行为障碍,1,颈椎退行性疾病,1,32
冠心病,1,肝功能异常,1,32
周围神经病,1,支气管炎,1,32
关节痛,0,动脉粥样硬化,1,31
支气管炎,1,维生素缺乏,1,31
冠心病,1,癫痫,1,31
精神和行为障碍,1,脑卒中,1,31
头晕,0,心律失常,1,30
肠道菌群失调,1,腹痛,0,30
颈椎退行性疾病,1,高脂血症,1,30
动脉粥样硬化,1,胃炎,1,30
湿疹,1,皮肤感染,1,30
关节炎,1,前列腺增生,1,30
头晕,0,脑动脉硬化,1,29
咳嗽,0,高脂血症,1,29
动脉粥样硬化,1,胸闷,0,29
精神和行为障碍,1,肾功能不全,1,29
皮炎,1,脑血管病,1,29
呼吸道感染,1,胸闷,0,28
精神和行为障碍,1,胸闷,0,28
冠心病,1,水肿,0,28
冠心病,1,食管炎,1,28
白内障,1,高脂血症,1,28
结膜炎,1,脑血管病,1,28
呼吸道感染,1,肾小球疾病,1,28
颈椎退行性疾病,1,高血压,1,28
头晕,0,胸闷,0,27
糖尿病,1,胸闷,0,27
动脉硬化,1,肾小球疾病,1,27
多系统萎缩,1,脑血管病,1,27
糖尿病,1,食管炎,1,27
周围神经病,1,呼吸道感染,1,27
周围神经病,1,颈椎退行性疾病,1,27
冠心病,1,尿路感染,1,27
冠心病,1,帕金森病,1,27
关节痛,0,胸闷,0,26
呼吸道感染,1,消化不良,0,26
关节炎,1,腰痛,0,26
神经痛,1,脑血管病,1,26
皮炎,1,骨质疏松症,1,26
冠心病,1,血瘀证,1,26
糖尿病,1,肝功能异常,1,26
支气管炎,1,皮炎,1,26
帕金森病,1,骨质疏松症,1,26
高血压,1,鼻炎,1,26
周围神经病,1,眼底病,1,26
代谢紊乱,1,甲状腺功能减退症,1,26
肝损害,1,高血压,1,26
头痛,0,支气管炎,1,25
便秘,0,食管炎,1,25
头晕,0,颈椎退行性疾病,1,25
关节痛,0,胃炎,1,25
胸痛,0,高脂血症,1,25
咳嗽,0,脑血管病,1,25
动脉粥样硬化,1,头痛,0,25
周围神经病,1,神经痛,1,25
消化性溃疡,1,肾功能不全,1,25
PCI术后,1,糖尿病,1,25
皮炎,1,皮肤感染,1,25
尿路感染,1,脑血管病,1,25
支气管炎,1,胃肠功能紊乱,1,25
动脉粥样硬化,1,维生素缺乏,1,25
甲状腺功能减退症,1,肾小球疾病,1,25
呼吸道感染,1,心律失常,1,25
眩晕,0,高脂血症,1,24
头痛,0,糖尿病,1,24
肝功能异常,1,脑血管病,1,24
支气管炎,1,结膜炎,1,24
咳嗽,0,精神和行为障碍,1,23
头晕,0,骨质疏松症,1,23
腹胀,0,食管炎,1,23
关节炎,1,关节痛,0,23
动脉粥样硬化,1,静脉曲张,0,23
消化性溃疡,1,腹痛,0,23
干眼症,1,白内障术后,1,23
食管炎,1,高脂血症,1,23
代谢紊乱,1,维生素缺乏,1,23
冠心病,1,鼻炎,1,23
精神和行为障碍,1,脑动脉硬化,1,23
代谢紊乱,1,胃炎,1,23
呼吸道感染,1,皮炎,1,23
腰痛,0,颈椎退行性疾病,1,22
水肿,0,精神和行为障碍,1,22
腹痛,0,食管炎,1,22
眼底病,1,高血压,1,22
呼吸道感染,1,支气管哮喘,1,22
咽炎,1,脑血管病,1,22
干眼症,1,骨质疏松症,1,22
动脉粥样硬化,1,叶酸缺乏,1,22
皮炎,1,精神和行为障碍,1,22
前列腺增生,1,肾小球疾病,1,22
肝损害,1,高脂血症,1,22
前列腺增生,1,消化性溃疡,1,22
叶酸缺乏,1,糖尿病,1,22
冠心病,1,脑卒中,1,22
消化不良,0,腹痛,0,21
眩晕,0,血瘀证,1,21
关节痛,0,肾小球疾病,1,21
代谢紊乱,1,胸闷,0,21
支气管炎,1,静脉曲张,0,21
冠心病,1,胸痛,0,21
前列腺增生,1,消化不良,0,21
湿疹,1,皮炎,1,21
呼吸道感染,1,肺部感染,1,21
冠心病,1,支气管哮喘,1,21
前列腺增生,1,动脉粥样硬化,1,21
干眼症,1,脑血管病,1,21
支气管炎,1,癌症,1,21
帕金森病,1,糖尿病,1,21
呼吸道感染,1,消化性溃疡,1,21
胃肠功能紊乱,1,高脂血症,1,21
关节痛,0,颈椎退行性疾病,1,20
低血糖症,1,静脉曲张,0,20
代谢紊乱,1,头晕,0,20
呼吸道感染,1,甲状腺功能减退症,1,20
咽炎,1,精神和行为障碍,1,20
结膜炎,1,骨质疏松症,1,20
冠心病,1,肝损害,1,20
支气管哮喘,1,高血压,1,20
咳嗽,0,胸闷,0,19
关节痛,0,动脉硬化,1,19
胸闷,0,血瘀证,1,19
精神和行为障碍,1,静脉曲张,0,19
胃肠功能紊乱,1,腹痛,0,19
冠心病,1,湿疹,1,19
呼吸道感染,1,胃肠功能紊乱,1,19
糖尿病,1,脑卒中,1,19
神经官能症,1,糖尿病,1,19
尿路感染,1,骨质疏松症,1,19
动脉硬化,1,呼吸道感染,1,19
支气管炎,1,白内障,1,19
前列腺增生,1,胃炎,1,19
冠心病,1,颈椎退行性疾病,1,19
便秘,0,咳嗽,0,18
便秘,0,动脉硬化,1,18
便秘,0,神经官能症,1,18
呼吸道感染,1,腰痛,0,18
代谢紊乱,1,静脉曲张,0,18
腰椎退行性病变,1,腰痛,0,18
脑血管病,1,腰痛,0,18
周围神经病,1,胃炎,1,18
代谢紊乱,1,心律失常,1,18
动脉粥样硬化,1,癫痫,1,18
关节炎,1,维生素缺乏,1,18
尿路感染,1,高脂血症,1,18
低血糖症,1,甲状腺功能减退症,1,18
白内障术后,1,结膜炎,1,18
冠心病,1,脑动脉硬化,1,18
脑血管病,1,鼻炎,1,18
咳嗽,0,血瘀证,1,17
水肿,0,神经官能症,1,17
腰痛,0,高脂血症,1,17
水肿,0,骨质疏松症,1,17
糖尿病,1,腰痛,0,17
精神和行为障碍,1,腰痛,0,17
呼吸道感染,1,静脉曲张,0,17
精神和行为障碍,1,血瘀证,1,17
胃肠功能紊乱,1,脑血管病,1,17
动脉硬化,1,眼底病,1,17
前列腺增生,1,白内障,1,17
低血糖症,1,精神和行为障碍,1,17
水肿,0,静脉曲张,0,16
便秘,0,胃肠功能紊乱,1,16
便秘,0,甲状腺功能减退症,1,16
周围神经病,1,头晕,0,16
支气管炎,1,胸痛,0,16
呼吸道感染,1,头晕,0,16
动脉硬化,1,甲状腺功能减退症,1,16
慢性阻塞性肺疾病,1,精神和行为障碍,1,16
肝损害,1,骨质疏松症,1,16
精神和行为障碍,1,鼻炎,1,16
周围神经病,1,帕金森病,1,16
肝功能异常,1,骨质疏松症,1,16
胃肠功能紊乱,1,骨质疏松症,1,16
食管炎,1,骨质疏松症,1,16
消化性溃疡,1,胃肠功能紊乱,1,16
关节痛,0,眩晕,0,15
关节痛,0,头晕,0,15
便秘,0,腹胀,0,15
便秘,0,消化性溃疡,1,15
便秘,0,维生素缺乏,1,15
便秘,0,结膜炎,1,15
心律失常,1,眩晕,0,15
周围神经病,1,静脉曲张,0,15
精神和行为障碍,1,肝功能异常,1,15
血瘀证,1,高血压,1,15
呼吸道感染,1,尿路感染,1,15
低血糖症,1,支气管炎,1,15
白细胞减少,1,糖尿病,1,15
白细胞减少,1,高血压,1,15
动脉硬化,1,动脉粥样硬化,1,15
肾功能不全,1,胃炎,1,15
关节炎,1,动脉粥样硬化,1,15
动脉粥样硬化,1,贫血,1,15
精神和行为障碍,1,胃肠功能紊乱,1,15
呼吸道感染,1,维生素缺乏,1,15
冠心病,1,癌症,1,15
关节炎,1,贫血,1,15
消化不良,0,肾功能不全,1,14
咳嗽,0,湿疹,1,14
便秘,0,皮炎,1,14
头晕,0,脑卒中,1,14
咳嗽,0,皮炎,1,14
胸闷,0,骨质疏松症,1,14
关节痛,0,咽炎,1,14
代谢紊乱,1,关节痛,0,14
低血糖症,1,便秘,0,14
周围神经病,1,头痛,0,14
关节炎,1,消化不良,0,14
周围神经病,1,消化不良,0,14
消化性溃疡,1,肾小球疾病,1,14
动脉粥样硬化,1,结膜炎,1,14
呼吸道感染,1,结膜炎,1,14
前列腺增生,1,贫血,1,14
前列腺增生,1,周围神经病,1,14
帕金森病,1,癫痫,1,14
癌症,1,精神和行为障碍,1,14
PCI术后,1,精神和行为障碍,1,14
神经痛,1,糖尿病,1,14
精神和行为障碍,1,结膜炎,1,14
代谢紊乱,1,低血糖症,1,14
白细胞减少,1,骨质疏松症,1,14
便秘,0,腰痛,0,13
咳嗽,0,眩晕,0,13
便秘,0,癌症,1,13
支气管炎,1,腰痛,0,13
代谢紊乱,1,消化不良,0,13
PCI术后,1,代谢紊乱,1,13
动脉粥样硬化,1,胃肠功能紊乱,1,13
甲状腺功能减退症,1,肾功能不全,1,13
代谢紊乱,1,皮炎,1,13
神经痛,1,高脂血症,1,13
低血糖症,1,动脉硬化,1,13
前列腺增生,1,心律失常,1,13
冠心病,1,肺部感染,1,13
骨质疏松症,1,鼻炎,1,13
关节炎,1,癌症,1,13
头痛,0,眩晕,0,12
便秘,0,静脉曲张,0,12
腹痛,0,腹胀,0,12
便秘,0,癫痫,1,12
关节痛,0,结膜炎,1,12
咳嗽,0,鼻炎,1,12
呼吸道感染,1,眩晕,0,12
肾小球疾病,1,静脉曲张,0,12
前列腺增生,1,静脉曲张,0,12
结膜炎,1,鼻炎,1,12
支气管炎,1,肝功能异常,1,12
冠心病,1,牙周炎,1,12
低血糖症,1,前列腺增生,1,12
冠心病,1,慢性阻塞性肺疾病,1,12
叶酸缺乏,1,骨质疏松症,1,12
维生素缺乏,1,贫血,1,12
湿疹,1,脑血管病,1,12
白细胞减少,1,肝损害,1,12
动脉硬化,1,胃炎,1,12
低血糖症,1,呼吸道感染,1,12
神经官能症,1,维生素缺乏,1,12
动脉粥样硬化,1,皮炎,1,12
神经痛,1,高血压,1,12
脂肪肝,1,脑血管病,1,12
肝功能异常,1,胃炎,1,12
维生素缺乏,1,肾小球疾病,1,12
糖尿病,1,鼻炎,1,12
肾小球疾病,1,胃炎,1,12
湿疹,1,高血压,1,12
皮炎,1,肾功能不全,1,12
呼吸道感染,1,慢性阻塞性肺疾病,1,12
关节痛,0,皮炎,1,11
咳嗽,0,心律失常,1,11
咳嗽,0,癌症,1,11
头痛,0,颈椎退行性疾病,1,11
便秘,0,咽炎,1,11
关节痛,0,心律失常,1,11
低血糖症,1,关节痛,0,11
心律失常,1,胸痛,0,11
代谢紊乱,1,水肿,0,11
周围神经病,1,水肿,0,11
胃炎,1,贫血,1,11
代谢紊乱,1,结膜炎,1,11
代谢紊乱,1,脑卒中,1,11
白内障,1,白内障术后,1,11
关节炎,1,心律失常,1,11
关节炎,1,皮炎,1,11
糖尿病,1,颈椎退行性疾病,1,11
叶酸缺乏,1,维生素缺乏,1,11
皮炎,1,胃炎,1,11
PCI术后,1,骨质疏松症,1,11
癌症,1,高血压,1,11
精神和行为障碍,1,食管炎,1,11
精神和行为障碍,1,肺癌,1,11
呼吸道感染,1,贫血,1,11
咽炎,1,骨质疏松症,1,11
关节炎,1,干眼症,1,11
多系统萎缩,1,精神和行为障碍,1,11
白内障,1,骨质疏松症,1,11
支气管炎,1,肺部感染,1,11
支气管炎,1,脂肪肝,1,11
维生素缺乏,1,胃炎,1,11
胸痛,0,胸闷,0,10
便秘,0,胸闷,0,10
便秘,0,腹痛,0,10
关节痛,0,静脉曲张,0,10
头晕,0,支气管炎,1,10
关节痛,0,前列腺增生,1,10
腹痛,0,高血压,1,10
头晕,0,血瘀证,1,10
头痛,0,心律失常,1,10
发热,0,支气管炎,1,10
便秘,0,贫血,1,10
咳嗽,0,骨质疏松症,1,10
关节炎,1,水肿,0,10
肠道菌群失调,1,腹胀,0,10
支气管炎,1,眩晕,0,10
结膜炎,1,胃炎,1,10
腰椎退行性病变,1,颈椎退行性疾病,1,10
关节炎,1,鼻炎,1,10
神经官能症,1,神经痛,1,10
肝损害,1,脂肪肝,1,10
支气管炎,1,肺癌,1,10
肝损害,1,胃炎,1,10
精神和行为障碍,1,贫血,1,10
心律失常,1,肾功能不全,1,10
呼吸道感染,1,干眼症,1,10
代谢紊乱,1,肝功能异常,1,10
代谢紊乱,1,白内障,1,10
支气管哮喘,1,鼻炎,1,10
关节炎,1,肾功能不全,1,10
支气管炎,1,牙周炎,1,10
肝功能异常,1,肝损害,1,10
干眼症,1,精神和行为障碍,1,10
消化性溃疡,1,白内障,1,10
神经官能症,1,脑动脉硬化,1,10
肠道菌群失调,1,高血压,1,10
消化性溃疡,1,肠道菌群失调,1,10
动脉粥样硬化,1,脂肪肝,1,10
脑血管病,1,食管炎,1,10
周围神经病,1,消化性溃疡,1,10
肝功能异常,1,脂肪肝,1,10
关节炎,1,白内障,1,10
关节痛,0,头痛,0,9
便秘,0,干眼症,1,9
消化不良,0,肝损害,1,9
关节痛,0,白内障,1,9
便秘,0,软组织感染,1,9
头痛,0,神经痛,1,9
便秘,0,白内障,1,9
眩晕,0,糖尿病,1,9
头晕,0,胃炎,1,9
消化性溃疡,1,腹胀,0,9
动脉粥样硬化,1,胸痛,0,9
胃炎,1,静脉曲张,0,9
低血糖症,1,消化不良,0,9
代谢紊乱,1,头痛,0,9
动脉粥样硬化,1,水肿,0,9
心律失常,1,腰痛,0,9
消化性溃疡,1,贫血,1,9
叶酸缺乏,1,神经官能症,1,9
皮炎,1,肾小球疾病,1,9
肝损害,1,食管炎,1,9
周围神经病,1,贫血,1,9
代谢紊乱,1,尿路感染,1,9
甲状腺功能减退症,1,胃炎,1,9
湿疹,1,高脂血症,1,9
糖尿病,1,肠道菌群失调,1,9
白细胞减少,1,贫血,1,9
尿路感染,1,支气管炎,1,9
尿路感染,1,精神和行为障碍,1,9
前列腺增生,1,甲状腺功能减退症,1,9
白内障,1,肾功能不全,1,9
软组织感染,1,高血压,1,9
前列腺增生,1,鼻炎,1,9
冠心病,1,白细胞减少,1,9
胃炎,1,鼻炎,1,9
周围神经病,1,干眼症,1,9
高脂血症,1,鼻炎,1,9
眩晕,0,胸闷,0,8
关节痛,0,消化不良,0,8
咳嗽,0,头痛,0,8
咳嗽,0,消化不良,0,8
便秘,0,颈椎退行性疾病,1,8
头晕,0,帕金森病,1,8
便秘,0,叶酸缺乏,1,8
消化不良,0,贫血,1,8
消化不良,0,胆道结石,1,8
消化不良,0,结膜炎,1,8
胃肠功能紊乱,1,腹胀,0,8
呼吸道感染,1,胸痛,0,8
动脉粥样硬化,1,消化不良,0,8
动脉硬化,1,周围神经病,1,8
癌症,1,软组织感染,1,8
低血糖症,1,结膜炎,1,8
牙周炎,1,高血压,1,8
白细胞减少,1,高脂血症,1,8
牙周炎,1,脑血管病,1,8
呼吸道感染,1,湿疹,1,8
呼吸道感染,1,软组织感染,1,8
肝损害,1,肾小球疾病,1,8
心律失常,1,血瘀证,1,8
代谢紊乱,1,神经官能症,1,8
湿疹,1,糖尿病,1,8
心律失常,1,胃炎,1,8
前列腺增生,1,皮炎,1,8
心律失常,1,肝功能异常,1,8
代谢紊乱,1,鼻炎,1,8
眼底病,1,脑血管病,1,8
糖尿病,1,腰椎退行性病变,1,8
干眼症,1,支气管炎,1,8
呼吸道感染,1,癌症,1,8
神经痛,1,精神和行为障碍,1,8
癫痫,1,糖尿病,1,8
呼吸道感染,1,血瘀证,1,8
支气管炎,1,食管炎,1,8
肝功能异常,1,肠道菌群失调,1,8
关节炎,1,湿疹,1,8
低血糖症,1,胃炎,1,8
头晕,0,眩晕,0,7
咳嗽,0,胸痛,0,7
便秘,0,眩晕,0,7
便秘,0,肺部感染,1,7
头痛,0,血瘀证,1,7
咳嗽,0,皮肤感染,1,7
咳嗽,0,支气管哮喘,1,7
消化不良,0,肝功能异常,1,7
胸痛,0,脑血管病,1,7
静脉曲张,0,颈椎退行性疾病,1,7
咳嗽,0,肺癌,1,7
发热,0,肺部感染,1,7
咳嗽,0,胃炎,1,7
水肿,0,眼底病,1,7
动脉硬化,1,头晕,0,7
关节炎,1,静脉曲张,0,7
周围神经病,1,腰痛,0,7
动脉硬化,1,静脉曲张,0,7
胃炎,1,胸闷,0,7
维生素缺乏,1,静脉曲张,0,7
白内障,1,腰痛,0,7
咽炎,1,胸闷,0,7
PCI术后,1,便秘,0,7
肝功能异常,1,静脉曲张,0,7
尿路感染,1,腰痛,0,7
心律失常,1,消化不良,0,7
结膜炎,1,静脉曲张,0,7
支气管炎,1,湿疹,1,7
支气管哮喘,1,脑血管病,1,7
动脉粥样硬化,1,尿路感染,1,7
动脉粥样硬化,1,肝损害,1,7
动脉粥样硬化,1,食管炎,1,7
周围神经病,1,癫痫,1,7
关节炎,1,肝功能异常,1,7
结膜炎,1,肾小球疾病,1,7
支气管哮喘,1,精神和行为障碍,1,7
肺部感染,1,高血压,1,7
叶酸缺乏,1,癫痫,1,7
支气管炎,1,肠道菌群失调,1,7
咽炎,1,胃炎,1,7
动脉粥样硬化,1,神经痛,1,7
脂肪肝,1,骨质疏松症,1,7
精神和行为障碍,1,肠道菌群失调,1,7
糖尿病,1,软组织感染,1,7
甲状腺功能减退症,1,胃肠功能紊乱,1,7
关节炎,1,叶酸缺乏,1,7
呼吸道感染,1,肾功能不全,1,7
癌症,1,糖尿病,1,7
支气管哮喘,1,骨质疏松症,1,7
牙周炎,1,精神和行为障碍,1,7
咽炎,1,肾小球疾病,1,7
咽炎,1,结膜炎,1,7
白内障,1,精神和行为障碍,1,7
癌症,1,脑血管病,1,7
动脉粥样硬化,1,咽炎,1,7
消化性溃疡,1,精神和行为障碍,1,7
眩晕,0,腰痛,0,6
咳嗽,0,腰痛,0,6
咳嗽,0,头晕,0,6
消化不良,0,腰痛,0,6
便秘,0,头晕,0,6
便秘,0,血瘀证,1,6
消化不良,0,白细胞减少,1,6
头晕,0,癫痫,1,6
头痛,0,胃炎,1,6
眩晕,0,骨质疏松症,1,6
咳嗽,0,糖尿病,1,6
头痛,0,骨质疏松症,1,6
水肿,0,颈椎退行性疾病,1,6
腰痛,0,血瘀证,1,6
胃炎,1,腰痛,0,6
皮炎,1,静脉曲张,0,6
支气管炎,1,水肿,0,6
前列腺增生,1,腰痛,0,6
癌症,1,胸痛,0,6
精神和行为障碍,1,胸痛,0,6
冠心病,1,眼底病,1,6
代谢紊乱,1,癫痫,1,6
代谢紊乱,1,肝损害,1,6
叶酸缺乏,1,心律失常,1,6
动脉粥样硬化,1,肝功能异常,1,6
关节炎,1,食管炎,1,6
癌症,1,高脂血症,1,6
动脉粥样硬化,1,脑卒中,1,6
关节炎,1,肾小球疾病,1,6
消化性溃疡,1,鼻炎,1,6
前列腺增生,1,维生素缺乏,1,6
周围神经病,1,腰椎退行性病变,1,6
支气管哮喘,1,高脂血症,1,6
牙周炎,1,糖尿病,1,6
呼吸道感染,1,白内障,1,6
尿路感染,1,胃炎,1,6
肺部感染,1,高脂血症,1,6
皮炎,1,结膜炎,1,6
前列腺增生,1,干眼症,1,6
肾功能不全,1,食管炎,1,6
前列腺增生,1,血瘀证,1,6
周围神经病,1,牙周炎,1,6
糖尿病,1,脑动脉硬化,1,6
慢性阻塞性肺疾病,1,高脂血症,1,6
动脉硬化,1,皮炎,1,6
低血糖症,1,胃肠功能紊乱,1,6
心律失常,1,神经官能症,1,6
消化性溃疡,1,皮炎,1,6
消化性溃疡,1,结膜炎,1,6
周围神经病,1,结膜炎,1,6
帕金森病,1,血瘀证,1,6
代谢紊乱,1,咽炎,1,6
皮肤感染,1,糖尿病,1,6
关节炎,1,动脉硬化,1,6
关节炎,1,结膜炎,1,6
慢性阻塞性肺疾病,1,高血压,1,6
动脉粥样硬化,1,颈椎退行性疾病,1,6
脑动脉硬化,1,脑卒中,1,6
多系统萎缩,1,脑卒中,1,6
干眼症,1,胃炎,1,6
水肿,0,腰痛,0,5
头痛,0,消化不良,0,5
头痛,0,胸闷,0,5
便秘,0,肝功能异常,1,5
水肿,0,肝损害,1,5
关节痛,0,贫血,1,5
关节痛,0,肠道菌群失调,1,5
关节痛,0,湿疹,1,5
关节痛,0,肾功能不全,1,5
关节炎,1,头痛,0,5
咽炎,1,消化不良,0,5
皮炎,1,腰痛,0,5
癌症,1,胸闷,0,5
尿路感染,1,静脉曲张,0,5
代谢紊乱,1,腰痛,0,5
肾功能不全,1,静脉曲张,0,5
动脉粥样硬化,1,眩晕,0,5
动脉粥样硬化,1,咳嗽,0,5
叶酸缺乏,1,消化不良,0,5
叶酸缺乏,1,头晕,0,5
冠心病,1,腹痛,0,5
神经官能症,1,静脉曲张,0,5
冠心病,1,肺癌,1,5
冠心病,1,神经痛,1,5
神经痛,1,腰椎退行性病变,1,5
癫痫,1,维生素缺乏,1,5
干眼症,1,湿疹,1,5
甲状腺功能减退症,1,贫血,1,5
叶酸缺乏,1,支气管炎,1,5
心律失常,1,白细胞减少,1,5
呼吸道感染,1,肝功能异常,1,5
动脉粥样硬化,1,鼻炎,1,5
代谢紊乱,1,脂肪肝,1,5
白内障术后,1,眼底病,1,5
关节炎,1,甲状腺功能减退症,1,5
腰椎退行性病变,1,高血压,1,5
周围神经病,1,甲状腺功能减退症,1,5
消化性溃疡,1,甲状腺功能减退症,1,5
支气管炎,1,血瘀证,1,5
呼吸道感染,1,颈椎退行性疾病,1,5
甲状腺功能减退症,1,皮炎,1,5
白细胞减少,1,精神和行为障碍,1,5
周围神经病,1,皮炎,1,5
神经官能症,1,颈椎退行性疾病,1,5
癫痫,1,骨质疏松症,1,5
PCI术后,1,动脉粥样硬化,1,5
心律失常,1,维生素缺乏,1,5
关节炎,1,牙周炎,1,5
冠心病,1,肠道菌群失调,1,5
神经痛,1,颈椎退行性疾病,1,5
维生素缺乏,1,胃肠功能紊乱,1,5
动脉粥样硬化,1,帕金森病,1,5
冠心病,1,皮肤感染,1,5
周围神经病,1,白内障,1,5
呼吸道感染,1,肝损害,1,5
肾小球疾病,1,贫血,1,5
代谢紊乱,1,食管炎,1,5
甲状腺功能减退症,1,维生素缺乏,1,5
动脉硬化,1,维生素缺乏,1,5
胃炎,1,脂肪肝,1,5
动脉粥样硬化,1,干眼症,1,5
PCI术后,1,呼吸道感染,1,5
支气管哮喘,1,糖尿病,1,5
白内障,1,颈椎退行性疾病,1,5
前列腺增生,1,结膜炎,1,5
白内障,1,鼻炎,1,5
动脉硬化,1,心律失常,1,5
牙周炎,1,高脂血症,1,5
维生素缺乏,1,肠道菌群失调,1,5
关节炎,1,神经痛,1,5
慢性阻塞性肺疾病,1,鼻炎,1,5
动脉硬化,1,结膜炎,1,5
支气管哮喘,1,肾功能不全,1,5
支气管哮喘,1,胃炎,1,5
头痛,0,胸痛,0,4
便秘,0,胸痛,0,4
头晕,0,胸痛,0,4
便秘,0,头痛,0,4
头痛,0,肝功能异常,1,4
便秘,0,鼻炎,1,4
关节痛,0,甲状腺功能减退症,1,4
关节痛,0,肝功能异常,1,4
关节痛,0,周围神经病,1,4
头晕,0,维生素缺乏,1,4
便秘,0,牙周炎,1,4
消化不良,0,皮炎,1,4
消化不良,0,癌症,1,4
便秘,0,尿路感染,1,4
水肿,0,白内障,1,4
消化不良,0,维生素缺乏,1,4
便秘,0,脂肪肝,1,4
水肿,0,白内障术后,1,4
消化不良,0,甲状腺功能减退症,1,4
胸痛,0,血瘀证,1,4
头痛,0,帕金森病,1,4
眩晕,0,胃炎,1,4
眩晕,0,神经官能症,1,4
肠道菌群失调,1,静脉曲张,0,4
甲状腺功能减退症,1,静脉曲张,0,4
代谢紊乱,1,胸痛,0,4
干眼症,1,静脉曲张,0,4
胃肠功能紊乱,1,静脉曲张,0,4
维生素缺乏,1,胸闷,0,4
支气管哮喘,1,胸痛,0,4
动脉硬化,1,消化不良,0,4
代谢紊乱,1,咳嗽,0,4
前列腺增生,1,头痛,0,4
前列腺增生,1,胸闷,0,4
PCI术后,1,消化不良,0,4
肺癌,1,高血压,1,4
心律失常,1,脂肪肝,1,4
多系统萎缩,1,高血压,1,4
湿疹,1,骨质疏松症,1,4
白内障,1,胃炎,1,4
结膜炎,1,肝功能异常,1,4
动脉硬化,1,咽炎,1,4
前列腺增生,1,咽炎,1,4
周围神经病,1,脑动脉硬化,1,4
白细胞减少,1,脑血管病,1,4
神经官能症,1,脑卒中,1,4
咽炎,1,甲状腺功能减退症,1,4
白内障术后,1,糖尿病,1,4
周围神经病,1,湿疹,1,4
低血糖症,1,咽炎,1,4
消化性溃疡,1,肝功能异常,1,4
PCI术后,1,动脉硬化,1,4
癌症,1,贫血,1,4
心律失常,1,贫血,1,4
咽炎,1,支气管哮喘,1,4
湿疹,1,结膜炎,1,4
前列腺增生,1,肝功能异常,1,4
周围神经病,1,脑卒中,1,4
肝功能异常,1,胃肠功能紊乱,1,4
精神和行为障碍,1,脂肪肝,1,4
低血糖症,1,肾功能不全,1,4
肾小球疾病,1,胃肠功能紊乱,1,4
关节炎,1,胃肠功能紊乱,1,4
肾小球疾病,1,脂肪肝,1,4
糖尿病,1,肺部感染,1,4
代谢紊乱,1,胃肠功能紊乱,1,4
尿路感染,1,肾功能不全,1,4
结膜炎,1,肠道菌群失调,1,4
周围神经病,1,心律失常,1,4
肾功能不全,1,鼻炎,1,4
呼吸道感染,1,牙周炎,1,4
前列腺增生,1,湿疹,1,4
维生素缺乏,1,脑动脉硬化,1,4
牙周炎,1,维生素缺乏,1,4
叶酸缺乏,1,胃炎,1,4
维生素缺乏,1,颈椎退行性疾病,1,4
咽炎,1,皮炎,1,4
支气管炎,1,癫痫,1,4
癌症,1,血瘀证,1,4
牙周炎,1,胃炎,1,4
动脉粥样硬化,1,腰椎退行性病变,1,4
结膜炎,1,肾功能不全,1,4
结膜炎,1,胃肠功能紊乱,1,4
前列腺增生,1,脑卒中,1,4
代谢紊乱,1,干眼症,1,4
叶酸缺乏,1,帕金森病,1,4
结膜炎,1,维生素缺乏,1,4
呼吸道感染,1,肠道菌群失调,1,4
肺部感染,1,脑血管病,1,4
动脉硬化,1,尿路感染,1,4
血瘀证,1,骨质疏松症,1,4
代谢紊乱,1,帕金森病,1,4
消化性溃疡,1,肝损害,1,4
肝损害,1,肠道菌群失调,1,4
周围神经病,1,肝功能异常,1,4
湿疹,1,精神和行为障碍,1,4
呼吸道感染,1,神经官能症,1,4
肝功能异常,1,食管炎,1,4
咽炎,1,慢性阻塞性肺疾病,1,4
低血糖症,1,皮炎,1,4
血小板减少,1,骨质疏松症,1,4
消化不良,0,胸闷,0,3
关节痛,0,胸痛,0,3
消化不良,0,静脉曲张,0,3
发热,0,头痛,0,3
水肿,0,结膜炎,1,3
消化不良,0,牙周炎,1,3
头痛,0,癫痫,1,3
腰痛,0,贫血,1,3
腹痛,0,高脂血症,1,3
关节痛,0,帕金森病,1,3
便秘,0,皮肤感染,1,3
眩晕,0,贫血,1,3
关节痛,0,鼻炎,1,3
便秘,0,慢性阻塞性肺疾病,1,3
咳嗽,0,软组织感染,1,3
眩晕,0,鼻炎,1,3
发热,0,尿路感染,1,3
头痛,0,脑动脉硬化,1,3
关节痛,0,胃肠功能紊乱,1,3
便秘,0,多系统萎缩,1,3
关节痛,0,消化性溃疡,1,3
发热,0,糖尿病,1,3
便秘,0,脑卒中,1,3
叶酸缺乏,1,静脉曲张,0,3
慢性阻塞性肺疾病,1,胸闷,0,3
前列腺增生,1,发热,0,3
尿路感染,1,水肿,0,3
呼吸道感染,1,水肿,0,3
湿疹,1,腰痛,0,3
肝损害,1,腹胀,0,3
关节炎,1,头晕,0,3
糖尿病,1,腹痛,0,3
心律失常,1,水肿,0,3
尿路感染,1,腹痛,0,3
帕金森病,1,水肿,0,3
糖尿病,1,胸痛,0,3
咽炎,1,头晕,0,3
支气管炎,1,腹痛,0,3
精神和行为障碍,1,腹痛,0,3
前列腺增生,1,咳嗽,0,3
咽炎,1,腰痛,0,3
前列腺增生,1,眩晕,0,3
贫血,1,静脉曲张,0,3
肝损害,1,胃肠功能紊乱,1,3
代谢紊乱,1,白细胞减少,1,3
慢性阻塞性肺疾病,1,糖尿病,1,3
精神和行为障碍,1,软组织感染,1,3
白细胞减少,1,维生素缺乏,1,3
动脉粥样硬化,1,白细胞减少,1,3
多系统萎缩,1,糖尿病,1,3
动脉粥样硬化,1,白内障,1,3
肺癌,1,肺部感染,1,3
多系统萎缩,1,高脂血症,1,3
叶酸缺乏,1,呼吸道感染,1,3
尿路感染,1,肾小球疾病,1,3
帕金森病,1,心律失常,1,3
糖尿病,1,肺癌,1,3
代谢紊乱,1,脑动脉硬化,1,3
叶酸缺乏,1,脑卒中,1,3
肺癌,1,脑血管病,1,3
支气管哮喘,1,癌症,1,3
叶酸缺乏,1,肠道菌群失调,1,3
低血糖症,1,心律失常,1,3
湿疹,1,癌症,1,3
慢性阻塞性肺疾病,1,支气管哮喘,1,3
代谢紊乱,1,癌症,1,3
湿疹,1,胃炎,1,3
低血糖症,1,食管炎,1,3
胆道结石,1,软组织感染,1,3
皮炎,1,肺部感染,1,3
关节炎,1,尿路感染,1,3
前列腺增生,1,动脉硬化,1,3
甲状腺功能减退症,1,白细胞减少,1,3
干眼症,1,皮炎,1,3
动脉硬化,1,肝功能异常,1,3
低血糖症,1,维生素缺乏,1,3
精神和行为障碍,1,肝损害,1,3
癌症,1,食管炎,1,3
咽炎,1,胃肠功能紊乱,1,3
血小板减少,1,贫血,1,3
动脉硬化,1,白细胞减少,1,3
脂肪肝,1,食管炎,1,3
呼吸道感染,1,肺癌,1,3
咽炎,1,干眼症,1,3
心律失常,1,甲状腺功能减退症,1,3
周围神经病,1,肾小球疾病,1,3
白细胞减少,1,胃炎,1,3
胃肠功能紊乱,1,贫血,1,3
贫血,1,食管炎,1,3
眼底病,1,高脂血症,1,3
湿疹,1,腰椎退行性病变,1,3
前列腺增生,1,胃肠功能紊乱,1,3
脂肪肝,1,鼻炎,1,3
呼吸道感染,1,白细胞减少,1,3
胆道结石,1,高血压,1,3
肝损害,1,脑血管病,1,3
湿疹,1,肺部感染,1,3
肾功能不全,1,胃肠功能紊乱,1,3
白内障,1,食管炎,1,3
干眼症,1,鼻炎,1,3
前列腺增生,1,牙周炎,1,3
动脉硬化,1,颈椎退行性疾病,1,3
支气管炎,1,肺气肿,1,3
前列腺增生,1,叶酸缺乏,1,3
白细胞减少,1,血小板减少,1,3
肠道菌群失调,1,脂肪肝,1,3
尿路感染,1,肺部感染,1,3
支气管炎,1,脑卒中,1,3
白内障,1,胃肠功能紊乱,1,3
咽炎,1,血瘀证,1,3
低血糖症,1,周围神经病,1,3
支气管哮喘,1,肺部感染,1,3
胃肠功能紊乱,1,脂肪肝,1,3
癌症,1,腰椎退行性病变,1,3
肠道菌群失调,1,高脂血症,1,3
消化不良,0,眩晕,0,2
咳嗽,0,腹痛,0,2
头晕,0,水肿,0,2
腰痛,0,腹痛,0,2
胸闷,0,腰痛,0,2
消化不良,0,胸痛,0,2
头痛,0,水肿,0,2
头晕,0,消化不良,0,2
关节痛,0,水肿,0,2
便秘,0,水肿,0,2
关节痛,0,肝损害,1,2
头晕,0,神经痛,1,2
关节痛,0,癌症,1,2
咳嗽,0,贫血,1,2
关节痛,0,神经官能症,1,2
水肿,0,血瘀证,1,2
眩晕,0,维生素缺乏,1,2
水肿,0,甲状腺功能减退症,1,2
咳嗽,0,肾功能不全,1,2
头痛,0,白内障,1,2
便秘,0,腰椎退行性病变,1,2
关节痛,0,维生素缺乏,1,2
咳嗽,0,慢性阻塞性肺疾病,1,2
头晕,0,肝功能异常,1,2
关节痛,0,尿路感染,1,2
便秘,0,肝损害,1,2
水肿,0,肾小球疾病,1,2
发热,0,贫血,1,2
头痛,0,皮炎,1,2
便秘,0,白细胞减少,1,2
关节痛,0,肺部感染,1,2
关节痛,0,支气管哮喘,1,2
胸闷,0,贫血,1,2
头晕,0,支气管哮喘,1,2
消化不良,0,肾小球疾病,1,2
关节痛,0,慢性阻塞性肺疾病,1,2
便秘,0,支气管哮喘,1,2
便秘,0,神经痛,1,2
便秘,0,湿疹,1,2
眩晕,0,颈椎退行性疾病,1,2
头痛,0,支气管哮喘,1,2
头痛,0,脑卒中,1,2
水肿,0,鼻炎,1,2
眩晕,0,脑卒中,1,2
消化不良,0,鼻炎,1,2
消化不良,0,软组织感染,1,2
咽炎,1,胸痛,0,2
帕金森病,1,胸闷,0,2
动脉硬化,1,眩晕,0,2
神经官能症,1,胸闷,0,2
脑动脉硬化,1,静脉曲张,0,2
甲状腺功能减退症,1,胸闷,0,2
白内障,1,静脉曲张,0,2
肝功能异常,1,腹胀,0,2
关节炎,1,咳嗽,0,2
动脉粥样硬化,1,腰痛,0,2
动脉硬化,1,胸闷,0,2
胃炎,1,胸痛,0,2
肺部感染,1,胸痛,0,2
甲状腺功能减退症,1,腹痛,0,2
肝损害,1,静脉曲张,0,2
前列腺增生,1,腹痛,0,2
肝损害,1,腰痛,0,2
PCI术后,1,咳嗽,0,2
支气管哮喘,1,消化不良,0,2
多系统萎缩,1,头痛,0,2
关节炎,1,胸闷,0,2
叶酸缺乏,1,胸痛,0,2
叶酸缺乏,1,水肿,0,2
咽炎,1,头痛,0,2
动脉硬化,1,水肿,0,2
肝功能异常,1,胸闷,0,2
前列腺增生,1,胸痛,0,2
咽炎,1,眩晕,0,2
干眼症,1,消化不良,0,2
肾功能不全,1,腰痛,0,2
脂肪肝,1,静脉曲张,0,2
脂肪肝,1,腹胀,0,2
癌症,1,腹痛,0,2
前列腺增生,1,肾囊肿,1,2
PCI术后,1,脑血管病,1,2
脑血管病,1,腰椎退行性病变,1,2
尿路感染,1,脂肪肝,1,2
肺部感染,1,脂肪肝,1,2
咽炎,1,颈椎退行性疾病,1,2
支气管炎,1,白细胞减少,1,2
皮肤感染,1,高脂血症,1,2
前列腺增生,1,支气管哮喘,1,2
癌症,1,鼻炎,1,2
咽炎,1,白内障,1,2
代谢紊乱,1,肺部感染,1,2
肝功能异常,1,鼻炎,1,2
结膜炎,1,贫血,1,2
PCI术后,1,食管炎,1,2
白细胞减少,1,肾小球疾病,1,2
咽炎,1,消化性溃疡,1,2
关节炎,1,支气管哮喘,1,2
胃炎,1,胆道结石,1,2
叶酸缺乏,1,皮炎,1,2
慢性阻塞性肺疾病,1,骨质疏松症,1,2
呼吸道感染,1,脂肪肝,1,2
咽炎,1,癌症,1,2
维生素缺乏,1,鼻炎,1,2
肺部感染,1,贫血,1,2
多系统萎缩,1,骨质疏松症,1,2
支气管炎,1,颈椎退行性疾病,1,2
脑卒中,1,骨质疏松症,1,2
低血糖症,1,肝损害,1,2
支气管炎,1,皮肤感染,1,2
代谢紊乱,1,慢性阻塞性肺疾病,1,2
动脉粥样硬化,1,脑动脉硬化,1,2
冠心病,1,胆道结石,1,2
PCI术后,1,胃炎,1,2
干眼症,1,血瘀证,1,2
癌症,1,皮炎,1,2
肝损害,1,胆道结石,1,2
心律失常,1,皮炎,1,2
白内障,1,皮炎,1,2
动脉硬化,1,脂肪肝,1,2
甲状腺功能减退症,1,结膜炎,1,2
脑动脉硬化,1,骨质疏松症,1,2
癫痫,1,贫血,1,2
肾功能不全,1,脑卒中,1,2
白内障,1,肝功能异常,1,2
皮肤感染,1,高血压,1,2
肝功能异常,1,脑卒中,1,2
胃炎,1,血瘀证,1,2
呼吸道感染,1,脑动脉硬化,1,2
叶酸缺乏,1,甲状腺功能减退症,1,2
周围神经病,1,肠道菌群失调,1,2
肝损害,1,肾功能不全,1,2
结膜炎,1,食管炎,1,2
关节炎,1,咽炎,1,2
肠道菌群失调,1,颈椎退行性疾病,1,2
心律失常,1,胃肠功能紊乱,1,2
心律失常,1,颈椎退行性疾病,1,2
慢性阻塞性肺疾病,1,胃炎,1,2
肠道菌群失调,1,骨质疏松症,1,2
支气管哮喘,1,皮炎,1,2
动脉粥样硬化,1,软组织感染,1,2
甲状腺功能减退症,1,癌症,1,2
关节炎,1,血小板减少,1,2
肺部感染,1,胃肠功能紊乱,1,2
周围神经病,1,咽炎,1,2
关节炎,1,脂肪肝,1,2
血瘀证,1,高脂血症,1,2
维生素缺乏,1,肺部感染,1,2
帕金森病,1,维生素缺乏,1,2
支气管炎,1,肝损害,1,2
干眼症,1,胃肠功能紊乱,1,2
PCI术后,1,周围神经病,1,2
皮肤感染,1,神经痛,1,2
癫痫,1,脑卒中,1,2
咽炎,1,心律失常,1,2
肠道菌群失调,1,鼻炎,1,2
干眼症,1,甲状腺功能减退症,1,2
白细胞减少,1,食管炎,1,2
周围神经病,1,肾功能不全,1,2
脑卒中,1,腰椎退行性病变,1,2
心律失常,1,消化性溃疡,1,2
白内障,1,维生素缺乏,1,2
维生素缺乏,1,肾功能不全,1,2
肝功能异常,1,肾功能不全,1,2
皮炎,1,鼻炎,1,2
多系统萎缩,1,脑动脉硬化,1,2
贫血,1,鼻炎,1,2
维生素缺乏,1,脑卒中,1,2
癌症,1,肺部感染,1,2
维生素缺乏,1,肝损害,1,2
PCI术后,1,消化性溃疡,1,2
低血糖症,1,白细胞减少,1,2
肺癌,1,高脂血症,1,2
皮肤感染,1,骨质疏松症,1,2
白细胞减少,1,肝功能异常,1,2
白内障,1,肾小球疾病,1,2
动脉硬化,1,干眼症,1,2
PCI术后,1,慢性阻塞性肺疾病,1,2
动脉硬化,1,肾功能不全,1,2
糖尿病,1,血瘀证,1,2
胃肠功能紊乱,1,鼻炎,1,2
前列腺增生,1,肺癌,1,2
慢性阻塞性肺疾病,1,肺部感染,1,2
软组织感染,1,骨质疏松症,1,2
皮肤感染,1,脑血管病,1,2
冠心病,1,软组织感染,1,2
关节炎,1,皮肤感染,1,2
动脉硬化,1,胃肠功能紊乱,1,2
脑卒中,1,颈椎退行性疾病,1,2
代谢紊乱,1,颈椎退行性疾病,1,2
动脉粥样硬化,1,癌症,1,2
头痛,0,静脉曲张,0,1
胸痛,0,腹痛,0,1
水肿,0,腹胀,0,1
咳嗽,0,胸腔积液,0,1
胸腔积液,0,胸闷,0,1
头痛,0,腰痛,0,1
水肿,0,胸闷,0,1
眩晕,0,胸痛,0,1
发热,0,咳嗽,0,1
头痛,0,腹痛,0,1
头痛,0,维生素缺乏,1,1
消化不良,0,脂肪肝,1,1
咳嗽,0,食管炎,1,1
头晕,0,脂肪肝,1,1
头痛,0,鼻炎,1,1
咳嗽,0,肺部感染,1,1
胸痛,0,鼻炎,1,1
发热,0,支气管哮喘,1,1
水肿,0,脑卒中,1,1
发热,0,骨质疏松症,1,1
头晕,0,甲状腺功能减退症,1,1
水肿,0,肾功能不全,1,1
头痛,0,胃肠功能紊乱,1,1
消化不良,0,神经官能症,1,1
水肿,0,消化性溃疡,1,1
水肿,0,贫血,1,1
头痛,0,癌症,1,1
发热,0,高脂血症,1,1
咳嗽,0,脑卒中,1,1
水肿,0,腰椎退行性病变,1,1
腹胀,0,高脂血症,1,1
腹胀,0,骨质疏松症,1,1
咳嗽,0,干眼症,1,1
头晕,0,贫血,1,1
头痛,0,湿疹,1,1
关节痛,0,脂肪肝,1,1
咳嗽,0,结膜炎,1,1
关节痛,0,胆道结石,1,1
发热,0,鼻炎,1,1
头晕,0,鼻炎,1,1
咳嗽,0,肺气肿,1,1
关节痛,0,牙周炎,1,1
腹胀,0,贫血,1,1
腰痛,0,鼻炎,1,1
水肿,0,脑动脉硬化,1,1
头晕,0,肾功能不全,1,1
头晕,0,胃肠功能紊乱,1,1
发热,0,消化性溃疡,1,1
眩晕,0,结膜炎,1,1
关节痛,0,脑动脉硬化,1,1
消化不良,0,白内障,1,1
头晕,0,皮炎,1,1
消化不良,0,皮肤感染,1,1
头晕,0,腰椎退行性病变,1,1
水肿,0,胃炎,1,1
水肿,0,胃肠功能紊乱,1,1
便秘,0,肺癌,1,1
发热,0,高血压,1,1
关节痛,0,脑卒中,1,1
关节痛,0,干眼症,1,1
眩晕,0,脑动脉硬化,1,1
头晕,0,白内障,1,1
胸闷,0,脑卒中,1,1
头晕,0,肝损害,1,1
消化不良,0,颈椎退行性疾病,1,1
咳嗽,0,维生素缺乏,1,1
胸闷,0,鼻炎,1,1
消化不良,0,湿疹,1,1
头晕,0,食管炎,1,1
胸痛,0,食管炎,1,1
头痛,0,消化性溃疡,1,1
腰痛,0,食管炎,1,1
头痛,0,结膜炎,1,1
便秘,0,脑动脉硬化,1,1
咳嗽,0,胃肠功能紊乱,1,1
发热,0,脑血管病,1,1
水肿,0,神经痛,1,1
消化不良,0,血瘀证,1,1
头痛,0,肝损害,1,1
发热,0,咽炎,1,1
腹痛,0,颈椎退行性疾病,1,1
关节炎,1,腹痛,0,1
叶酸缺乏,1,眩晕,0,1
肝损害,1,腹痛,0,1
低血糖症,1,水肿,0,1
湿疹,1,眩晕,0,1
糖尿病,1,腹胀,0,1
前列腺增生,1,头晕,0,1
呼吸道感染,1,胸腔积液,0,1
皮炎,1,胸闷,0,1
PCI术后,1,腰痛,0,1
慢性阻塞性肺疾病,1,消化不良,0,1
关节炎,1,眩晕,0,1
代谢紊乱,1,腹痛,0,1
皮炎,1,眩晕,0,1
帕金森病,1,静脉曲张,0,1
叶酸缺乏,1,腹痛,0,1
癌症,1,腰痛,0,1
帕金森病,1,消化不良,0,1
周围神经病,1,眩晕,0,1
干眼症,1,眩晕,0,1
动脉硬化,1,胸痛,0,1
周围神经病,1,胸闷,0,1
冠心病,1,发热,0,1
胆道结石,1,腹痛,0,1
脂肪肝,1,腰痛,0,1
消化性溃疡,1,静脉曲张,0,1
周围神经病,1,咳嗽,0,1
肺癌,1,胸痛,0,1
动脉粥样硬化,1,腹痛,0,1
神经官能症,1,腰痛,0,1
肺部感染,1,腰痛,0,1
动脉粥样硬化,1,发热,0,1
消化性溃疡,1,眩晕,0,1
肾功能不全,1,胸闷,0,1
维生素缺乏,1,腹痛,0,1
帕金森病,1,眩晕,0,1
前列腺增生,1,水肿,0,1
甲状腺功能减退症,1,眩晕,0,1
血瘀证,1,静脉曲张,0,1
心律失常,1,静脉曲张,0,1
尿路感染,1,胸闷,0,1
白细胞减少,1,眩晕,0,1
冠心病,1,胸腔积液,0,1
脑血管病,1,腹胀,0,1
精神和行为障碍,1,腹胀,0,1
干眼症,1,水肿,0,1
结膜炎,1,腰痛,0,1
尿路感染,1,消化不良,0,1
白内障,1,眩晕,0,1
甲状腺功能减退症,1,胸腔积液,0,1
肝功能异常,1,胸痛,0,1
PCI术后,1,胸痛,0,1
肾小球疾病,1,腹痛,0,1
脑血管病,1,腹痛,0,1
代谢紊乱,1,眩晕,0,1
心律失常,1,腹痛,0,1
呼吸道感染,1,胆道结石,1,1
肺气肿,1,肺部感染,1,1
甲状腺结节,1,高血压,1,1
白细胞减少,1,胃肠功能紊乱,1,1
肝功能异常,1,血小板减少,1,1
呼吸道感染,1,腰椎退行性病变,1,1
甲状腺功能减退症,1,肺癌,1,1
白内障,1,贫血,1,1
周围神经病,1,皮肤感染,1,1
胃炎,1,脑卒中,1,1
干眼症,1,慢性阻塞性肺疾病,1,1
心律失常,1,肝损害,1,1
肺部感染,1,肾小球疾病,1,1
帕金森病,1,胃炎,1,1
胆道结石,1,骨质疏松症,1,1
周围神经病,1,肺部感染,1,1
癫痫,1,肾功能不全,1,1
甲状腺功能减退症,1,肠道菌群失调,1,1
消化性溃疡,1,腰椎退行性病变,1,1
牙周炎,1,肾小球疾病,1,1
肾小球疾病,1,食管炎,1,1
动脉硬化,1,贫血,1,1
皮炎,1,胃肠功能紊乱,1,1
前列腺增生,1,帕金森病,1,1
肝功能异常,1,肺癌,1,1
肺癌,1,贫血,1,1
癌症,1,肾功能不全,1,1
癌症,1,胃炎,1,1
心律失常,1,牙周炎,1,1
周围神经病,1,癌症,1,1
湿疹,1,胃肠功能紊乱,1,1
肝功能异常,1,贫血,1,1
尿路感染,1,肝功能异常,1,1
肾功能不全,1,脂肪肝,1,1
心律失常,1,食管炎,1,1
结膜炎,1,颈椎退行性疾病,1,1
支气管哮喘,1,维生素缺乏,1,1
消化性溃疡,1,癫痫,1,1
尿路感染,1,脑卒中,1,1
肺部感染,1,胃炎,1,1
癫痫,1,胃炎,1,1
前列腺增生,1,皮肤感染,1,1
尿路感染,1,脑动脉硬化,1,1
慢性阻塞性肺疾病,1,贫血,1,1
牙周炎,1,皮炎,1,1
精神和行为障碍,1,腰椎退行性病变,1,1
动脉硬化,1,多系统萎缩,1,1
胆道结石,1,高脂血症,1,1
尿路感染,1,消化性溃疡,1,1
心律失常,1,皮肤感染,1,1
肺部感染,1,骨质疏松症,1,1
白细胞减少,1,肺癌,1,1
甲状腺结节,1,精神和行为障碍,1,1
尿路感染,1,肾囊肿,1,1
帕金森病,1,颈椎退行性疾病,1,1
支气管哮喘,1,贫血,1,1
皮肤感染,1,肺部感染,1,1
癌症,1,胆道结石,1,1
甲状腺结节,1,肝囊肿,1,1
动脉硬化,1,消化性溃疡,1,1
癌症,1,结膜炎,1,1
动脉硬化,1,白内障,1,1
肾囊肿,1,高血压,1,1
冠心病,1,多系统萎缩,1,1
甲状腺功能减退症,1,神经官能症,1,1
心律失常,1,支气管哮喘,1,1
慢性阻塞性肺疾病,1,脑血管病,1,1
咽炎,1,肠道菌群失调,1,1
叶酸缺乏,1,胃肠功能紊乱,1,1
皮肤感染,1,肾功能不全,1,1
尿路感染,1,贫血,1,1
多系统萎缩,1,帕金森病,1,1
胃肠功能紊乱,1,胆道结石,1,1
湿疹,1,肾功能不全,1,1
心律失常,1,癌症,1,1
干眼症,1,维生素缺乏,1,1
神经痛,1,维生素缺乏,1,1
白内障,1,白细胞减少,1,1
尿路感染,1,皮炎,1,1
心律失常,1,脑卒中,1,1
肠道菌群失调,1,肾功能不全,1,1
叶酸缺乏,1,肾小球疾病,1,1
帕金森病,1,神经痛,1,1
帕金森病,1,脑卒中,1,1
动脉硬化,1,湿疹,1,1
消化性溃疡,1,癌症,1,1
脂肪肝,1,脑卒中,1,1
牙周炎,1,肺部感染,1,1
关节炎,1,胆道结石,1,1
低血糖症,1,贫血,1,1
帕金森病,1,支气管哮喘,1,1
癌症,1,肝功能异常,1,1
软组织感染,1,高脂血症,1,1
咽炎,1,肝功能异常,1,1
周围神经病,1,肺癌,1,1
前列腺增生,1,慢性阻塞性肺疾病,1,1
前列腺增生,1,白细胞减少,1,1
肝功能异常,1,肺部感染,1,1
动脉硬化,1,癫痫,1,1
代谢紊乱,1,多系统萎缩,1,1
低血糖症,1,白内障,1,1
牙周炎,1,白内障,1,1
动脉硬化,1,食管炎,1,1
结膜炎,1,肝损害,1,1
皮炎,1,贫血,1,1
皮炎,1,颈椎退行性疾病,1,1
叶酸缺乏,1,尿路感染,1,1
神经官能症,1,肝功能异常,1,1
咽炎,1,肺部感染,1,1
皮肤感染,1,精神和行为障碍,1,1
皮炎,1,肺癌,1,1
动脉硬化,1,脑卒中,1,1
慢性阻塞性肺疾病,1,肝功能异常,1,1
胃炎,1,颈椎退行性疾病,1,1
支气管哮喘,1,脂肪肝,1,1
肠道菌群失调,1,肺部感染,1,1
湿疹,1,血瘀证,1,1
糖尿病,1,胆道结石,1,1
支气管哮喘,1,消化性溃疡,1,1
叶酸缺乏,1,颈椎退行性疾病,1,1
尿路感染,1,甲状腺功能减退症,1,1
前列腺增生,1,肠道菌群失调,1,1
结膜炎,1,腰椎退行性病变,1,1
呼吸道感染,1,食管炎,1,1
牙周炎,1,骨质疏松症,1,1
精神和行为障碍,1,肾囊肿,1,1
胃肠功能紊乱,1,软组织感染,1,1
低血糖症,1,尿路感染,1,1
支气管哮喘,1,结膜炎,1,1
肺癌,1,骨质疏松症,1,1
皮肤感染,1,肾小球疾病,1,1
心律失常,1,慢性阻塞性肺疾病,1,1
皮炎,1,神经痛,1,1
动脉硬化,1,肝损害,1,1
湿疹,1,神经痛,1,1
帕金森病,1,胃肠功能紊乱,1,1
尿路感染,1,维生素缺乏,1,1
神经痛,1,肝功能异常,1,1
咽炎,1,湿疹,1,1
低血糖症,1,消化性溃疡,1,1
癌症,1,肝损害,1,1
肺部感染,1,肾功能不全,1,1
帕金森病,1,结膜炎,1,1
帕金森病,1,脑动脉硬化,1,1
精神和行为障碍,1,血小板减少,1,1
癫痫,1,结膜炎,1,1
消化性溃疡,1,肺癌,1,1
胆道结石,1,血瘀证,1,1
胆道结石,1,食管炎,1,1
牙周炎,1,肾功能不全,1,1
周围神经病,1,胃肠功能紊乱,1,1
肝功能异常,1,肾小球疾病,1,1
癌症,1,胃肠功能紊乱,1,1
帕金森病,1,支气管炎,1,1
动脉硬化,1,神经官能症,1,1
低血糖症,1,脂肪肝,1,1
癫痫,1,脑动脉硬化,1,1
叶酸缺乏,1,脑动脉硬化,1,1
尿路感染,1,白内障,1,1
消化性溃疡,1,胆道结石,1,1
动脉粥样硬化,1,多系统萎缩,1,1
PCI术后,1,肝功能异常,1,1
PCI术后,1,心律失常,1,1
尿路感染,1,鼻炎,1,1
脑卒中,1,贫血,1,1
慢性阻塞性肺疾病,1,颈椎退行性疾病,1,1
PCI术后,1,贫血,1,1
肝功能异常,1,颈椎退行性疾病,1,1
癫痫,1,皮炎,1,1
慢性阻塞性肺疾病,1,胃肠功能紊乱,1,1
肝功能异常,1,血瘀证,1,1
湿疹,1,牙周炎,1,1
结膜炎,1,肺部感染,1,1
消化性溃疡,1,肺部感染,1,1
叶酸缺乏,1,皮肤感染,1,1
周围神经病,1,慢性阻塞性肺疾病,1,1
支气管炎,1,胆道结石,1,1
关节炎,1,软组织感染,1,1
维生素缺乏,1,食管炎,1,1
皮肤感染,1,维生素缺乏,1,1
干眼症,1,贫血,1,1
肺部感染,1,鼻炎,1,1
血小板减少,1,高血压,1,1
皮炎,1,维生素缺乏,1,1
PCI术后,1,叶酸缺乏,1,1
支气管炎,1,腰椎退行性病变,1,1
动脉粥样硬化,1,皮肤感染,1,1
支气管炎,1,神经痛,1,1
皮炎,1,食管炎,1,1
呼吸道感染,1,帕金森病,1,1
PCI术后,1,支气管炎,1,1
肠道菌群失调,1,软组织感染,1,1
